{
  "agent1": {
    "a": 6.042631225469412,
    "b": -3.6883896583622815
  },
  "agent2": {
    "a": -0.12394526300098319,
    "b": -0.8238049392483481
  },
  "agent3": {
    "a": 0.8173686836195586,
    "b": -1.2089907515716427
  }
}